Workbook

Sheet Locations
A1: State | B1: City | C1: Store Name | D1: Street Address | E1: ZIP | F1: Phone | G1: Website / Location Page
A2: AL | B2: Cullman | C2: BoxDrop Cullman | D2: 1633 2nd Ave NW | E2: 35055 | F2: (256) 600-0180 | G2: https://boxdropdirect.com/pages/location/cullman
A3: AL | B3: Decatur | C3: BoxDrop Decatur | D3: 231 Grant Street Southeast | F3: (256) 456-5400 | G3: https://boxdropdirect.com/pages/location/box-drop-decatur
A4: AL | B4: Dothan | C4: Boxdrop Dothan | D4: 1357 Fortner St | E4: 36301 | F4: (334) 392-4200 | G4: https://boxdropdirect.com/pages/location/dothan
A5: AL | B5: Enterprise | C5: Enterprise Alabama | D5: 621 Boll Weevil Circle Suite 27 | E5: 36330 | F5: (334) 392-4200 | G5: https://boxdropdirect.com/pages/location/enterprise-alabama
A6: AL | B6: Huntsville | C6: BoxDrop Huntsville | D6: 2801 Newby Rd SW Ste A | F6: (256) 627-7811 | G6: https://boxdropdirect.com/pages/location/huntsville-al
A7: AL | B7: Mobile | C7: Boxdrop North Mobile | D7: 4130 Government Blvd Suite C | F7: (251) 373-0047 | G7: https://boxdropdirect.com/pages/location/north-mobile
A8: AL | B8: Montgomery | C8: Boxdrop Montgomery Mattress Clearance Center | D8: 5325 Wares Ferry Road Unit F | E8: 36109 | F8: (334) 440-5660 | G8: https://boxdropdirect.com/pages/location/montgomery-mattress-clearance-center
A9: AL | B9: Rogersville | C9: BoxDrop Rogersville | D9: 16487 Hwy 72 | E9: 35652 | F9: (256) 600-0153 | G9: https://boxdropdirect.com/pages/location/rogersville
A10: AR | B10: Hot Springs | C10: BoxDrop Hot Springs Arkansas | D10: 619 Albert Pike Road | E10: 71913 | F10: (501) 620-0173 | G10: https://boxdropdirect.com/pages/location/hot-springs-arkansas
A11: AR | B11: Jonesboro | C11: Nea Mattress Direct and Furniture | D11: 6701 Johnson Avenue | E11: 72405 | F11: (501) 454-5613 | G11: https://boxdropdirect.com/pages/location/nea-mattress-direct-and-furniture
A12: AR | B12: Mountain View | C12: BoxDrop Mountain View | D12: 417 Sylamore Avenue | E12: 72560 | F12: (870) 213-6700 | G12: https://boxdropdirect.com/pages/location/mountain-view
A13: AZ | B13: El Mirage | C13: BoxDrop El Mirage | D13: 8552 N Dysart Rd #200a | E13: 85335 | F13: (623) 271-4320 | G13: https://boxdropdirect.com/pages/location/el-mirage
A14: AZ | B14: Green Valley | C14: Box Drop South Tucson | D14: 115 West Esperanza Boulevard Ste 115D | E14: 85614 | F14: (520) 399-6514 | G14: https://boxdropdirect.com/pages/location/box-drop-south-tucson
A15: AZ | B15: Lake Havasu City | C15: BoxDrop Lake Havasu | D15: 621 N Lake Havasu Ave | F15: (928) 302-6647 | G15: https://boxdropdirect.com/pages/location/box-drop-lake-havasu
A16: AZ | B16: Prescott | C16: BoxDrop Prescott | D16: 6724 Corsair Ave Unit-5 | E16: 86301 | F16: (928) 642-2905 | G16: https://boxdropdirect.com/pages/location/prescott
A17: AZ | B17: Yuma | C17: BoxDrop Yuma | D17: 12585 S Frontage Rd | E17: 85367 | F17: (928) 920-8609 | G17: https://boxdropdirect.com/pages/location/yuma
A18: CA | B18: Bakersfield | C18: BoxDrop Bakersfield | D18: 2809 Unicorn Road #104 | E18: 93308 | F18: (661) 699-2615 | G18: https://boxdropdirect.com/pages/location/bakersfield
A19: CA | B19: Brawley | C19: BoxDrop Mattress & Furniture Imperial Valley | D19: 623 Main St | E19: 92227 | F19: (760) 442-2582 | G19: https://boxdropdirect.com/pages/location/mattress-furniture-imperial-valley
A20: CA | B20: City of Industry | C20: BoxDrop City of Industry | D20: 15805 Valley Blvd | F20: (562) 548-1524 | G20: https://boxdropdirect.com/pages/location/cityofindustry-ca
A21: CA | B21: El Cajon | C21: Box Drop of El Cajon | D21: 762 N Johnson Ave, Suite 101 | E21: 91901 | F21: (619) 560-6957 | G21: https://boxdropdirect.com/pages/location/box-drop-of-el-cajon
A22: CA | B22: Grass Valley | C22: BoxDrop Grassvalley | D22: 504 Whiting St | E22: 95945 | F22: (530) 320-4648 | G22: https://boxdropdirect.com/pages/location/grassvalley
A23: CA | B23: Placerville | C23: BoxDrop Placerville | D23: 337 Industrial Dr Unit #2 | E23: 95667 | F23: (530) 553-0333 | G23: https://boxdropdirect.com/pages/location/placerville
A24: CA | B24: Redding | C24: BoxDrop Redding | D24: 940 Wall St | E24: 96002 | F24: (530) 395-1133 | G24: https://boxdropdirect.com/pages/location/box-drop-redding
A25: CA | B25: Susanville | C25: BoxDrop Susanville | D25: 911 Main St | E25: 96130 | F25: (530) 260-4600 | G25: https://boxdropdirect.com/pages/location/susanville
A26: CA | B26: Victorville | C26: BoxDrop Mattress Victorville | D26: 15354 Bonanza Td. Unit B | E26: 92392 | F26: (760) 617-8559 | G26: https://www.facebook.com/BoxDropVictorville
A27: CA | B27: Visalia | C27: Visalia BoxDrop Mattress & Furniture | D27: 4243 W. Noble Ave. | E27: 93277 | F27: (559) 429-4731 | G27: https://boxdropdirect.com/pages/location/visalia-mattress-furniture
A28: CO | B28: Castle Rock | C28: BoxDrop Castle Rock | D28: 2811 U.S. 85 | E28: 80109 | F28: (720) 595-7578 | G28: https://boxdropdirect.com/pages/location/box-drop-castle-rock
A29: CO | B29: Denver | C29: Boxdrop Denver Central | D29: 4665 Paris St A140 | E29: 80239 | F29: (720) 793-6287 | G29: https://boxdropdirect.com/pages/location/denver-central
A30: CO | B30: Pueblo | C30: Boxdrop Pueblo | D30: 1318 E US 50 bypass | E30: 81001 | F30: (719) 820-5524 | G30: https://boxdropdirect.com/pages/location/pueblo
A31: CT | B31: East Windsor | C31: BoxDrop Mattress Outlet by Jimmy | D31: 7 Thompson Rd. | E31: 06088 | F31: (860) 709-7667 | G31: https://mattressesbyjimmy.com
A32: CT | B32: Montville | C32: BoxDrop Montville Mattress and Furniture | D32: 2020 Norwich New London Tpke | E32: 06382 | F32: (203) 751-4512 | G32: https://boxdropdirect.com/pages/location/montville-mattress-and-furniture
... A45: FL | B45: Tallahassee | C45: Boxdrop Tallahassee Furniture Direct | D45: 2855 Industrial Plaza Drive | E45: 32301 | F45: (850) 545-7112 | G45: https://boxdropdirect.com/pages/location/tallahassee-furniture-direct
A46: FL | B46: Tampa | C46: Boxdrop North Tampa | D46: 924 East 124th Avenue Unit A | F46: (813) 993-9863 | G46: https://boxdropdirect.com/pages/location/north-tampa
A47: FL | B47: Yulee | C47: BoxDrop Yulee | D47: 96064 Victoria's Place | E47: 32097 | F47: (904) 773-4448 | G47: https://boxdropdirect.com/pages/location/yulee
A48: GA | B48: Dallas | C48: Boxdrop Mattress Direct-Dallas, GA | D48: 185 East Paulding Drive Suite 104 | E48: 30157 | F48: (678) 752-1818 | G48: https://boxdropdirect.com/pages/location/mattress-direct-dallas-ga
A49: GA | B49: Douglas | C49: BoxDrop Douglas | D49: 823 Peterson Ave South | F49: (912) 493-0866 | G49: https://boxdropdirect.com/pages/location/douglas-ga
A50: GA | B50: Martinez | C50: BoxDrop Clearance Center of Augusta | D50: 3830 Washington Rd Ste 31 | E50: 30909 | F50: (762) 994-6715 | G50: https://boxdropdirect.com/pages/location/clearance-center-of-augusta
A51: GA | B51: Stone Mountain | C51: Atlanta Furniture Direct | D51: 4611 Greer Circle | E51: 30083 | F51: (404) 824-4896 | G51: https://boxdropdirect.com/pages/location/atlanta-furniture-direct
A52: GA | B52: Tifton | C52: BoxDrop Tifton | D52: 163 Virginia Ave South Suite D | E52: 31794 | F52: (229) 598-9999 | G52: https://boxdropdirect.com/pages/location/tifton
A53: IA | B53: Waterloo | C53: Waterloo BoxDrop | D53: 1209 Flammang Dr #6 | E53: 50702 | F53: (319) 229-6201 | G53: https://boxdropdirect.com/pages/location/waterloo-boxdrop
A54: ID | B54: Meridian | C54: BoxDrop Meridian Home Furnishings | D54: 1375 E Fairview Ave | E54: 83642 | F54: (208) 921-6643 | G54: https://meridianhomefurnishings.com
A55: ID | B55: Pocatello | C55: Boxdrop Mattress & Furniture Pocatello | D55: 2740 Pole line Road | E55: 83201 | F55: (208) 252-2470 | G55: https://boxdropdirect.com/pages/location/mattress-furniture-pocatello
A56: ID | B56: Post Falls | C56: BoxDrop North Idaho | D56: 5612 W Expo Parkway Suite 101 | E56: 83854 | F56: (208) 964-9903 | G56: https://boxdropnorthidaho.com
A57: ID | B57: Rexburg | C57: Boxdrop Rexburg Mattress | D57: 896 University Blvd | E57: 83440 | F57: (208) 716-0788
A58: IL | B58: Mount Zion | C58: BoxDrop Mt. Zion | D58: 110 Wildwood Drive | E58: 62549 | F58: (217) 520-3743 | G58: https://boxdropdirect.com/pages/location/mt-zion
A59: IL | B59: Rockford | C59: BoxDrop Rockford | D59: 4748 Colt Rd | E59: 61109 | F59: (815) 721-1323 | G59: https://boxdropdirect.com/pages/location/rockford
A60: IL | B60: Salem | C60: BoxDrop of Salem | D60: 1300 S. Broadway Suite 34 | E60: 62881 | F60: (618) 322-1206 | G60: https://boxdropofsalem.com
A61: IL | B61: Springfield | C61: Springfield BoxDrop Mattress & Furniture Direct | D61: 3025 South Dirksen Parkway | E61: 62703 | F61: (217) 361-1357 | G61: https://boxdropdirect.com/pages/location/springfield-mattress-furniture-direct
A62: IL | B62: Urbana | C62: BoxDrop Champaign | D62: 801 North Smith Dr. | E62: 61802 | F62: (217) 552-4838 | G62: https://BoxDRophampaign.com
A63: IN | B63: Clarksville | C63: Boxdrop Jeffersonville Mattress and Furniture Outlet | D63: 658 Eastern Blvd | E63: 47129 | F63: (812) 221-3355 | G63: https://boxdropdirect.com/pages/location/jeffersonville-mattress-and-furniture-outlet
A64: IN | B64: Corydon | C64: BoxDrop Corydon | D64: 2400 Landmark Avenue Northeast | E64: 47112 | F64: (502) 802-6704 | G64: https://boxdropdirect.com/pages/location/box-drop-corydon
A65: IN | B65: Fort Wayne | C65: BoxDrop Fort Wayne | D65: 7824 Bluffton Rd | E65: 46809 | F65: (260) 227-2145 | G65: https://boxdropdirect.com/pages/location/box-drop-fort-wayne
A66: IN | B66: Fremont | C66: Boxdrop Mattress & Furniture of Angola/Fremont | D66: 655 W State Rd. 120 Ste C28 | E66: 46737 | F66: (260) 527-0058 | G66: https://boxdropdirect.com/pages/location/mattress-furniture-of-angola-fremont
A67: IN | B67: Greensburg | C67: BoxDrop Greensburg | D67: 3242 U.S. 421 | F67: (812) 900-1120
A68: IN | B68: Lawrenceburg | C68: Mattress & Furniture Clearance/Closeouts | D68: 401 West EADS Parkway | E68: 47025 | F68: (812) 577-2524 | G68: https://boxdropdirect.com/pages/location/mattress-furniture-clearance-closeouts
A69: IN | B69: North Webster | C69: BoxDrop North Webster | D69: 627 North Main Street | E69: 46555 | F69: (260) 215-7375 | G69: https://boxdropdirect.com/pages/location/north-webster
A70: IN | B70: Portage | C70: BoxDrop Portage | D70: 5605-8 Old Porter rd | E70: 46368 | F70: (219) 734-8993 | G70: https://boxdropdirect.com/pages/location/portage
A71: IN | B71: Princeton | C71: BoxDrop Princeton | D71: 324 S. Fifth Ave | E71: 47670 | F71: (812) 664-4430 | G71: https://boxdropdirect.com/pages/location/princeton
A72: IN | B72: Seymour | C72: BoxDrop Seymour | D72: 1990 East Tipton Street | F72: (502) 802-6704 | G72: https://boxdropdirect.com/pages/location/seymour-in
A73: KS | B73: Emporia | C73: BoxDrop Emporia | D73: 1122 Commercial Street | E73: 66801 | F73: (620) 366-0822 | G73: https://boxdropdirect.com/pages/location/emporia
A74: KS | B74: Independence | C74: BoxDrop Independence | D74: 1900 W Main Street | E74: 67301 | F74: (417) 224-3725 | G74: https://boxdropdirect.com/pages/location/independence
A75: KS | B75: Overland Park | C75: BoxDrop Overland Park | D75: 6322 College Blvd | E75: 66211 | F75: (913) 286-3910 | G75: https://linktr.ee/boxdropolathe
A76: KY | B76: Bardstown | C76: BoxDrop Bardstown | D76: 113 Reardon Blvd | E76: 40004 | F76: (502) 233-1283 | G76: https://boxdropdirect.com/pages/location/bardstown
A77: KY | B77: Carrolton | C77: BoxDrop Carrolton | D77: 1209 Highland Ave | E77: 41008 | F77: (520) 525-7394
A78: KY | B78: Central City | C78: Central City BoxDrop Mattress & Furniture Direct | D78: 218 S 2nd Street | E78: 42330 | F78: (618) 534-4033 | G78: https://boxdropcentralcity.com
A79: KY | B79: Franklin | C79: BoxDrop Franklin | D79: 911 S Main St Suite B | E79: 42134 | F79: (270) 776-2219 | G79: https://boxdropdirect.com/pages/location/franklin
A80: KY | B80: Grayson | C80: BoxDrop Grayson | D80: 503 E Main Street | E80: 41143 | F80: (606) 694-4952 | G80: https://boxdropdirect.com/pages/location/grayson
A81: KY | B81: Henderson | C81: BoxDrop Henderson | D81: 939 N Green Street | E81: 42420 | F81: (270) 832-3719 | G81: https://boxdrophenderson.com
A82: KY | B82: Independence | C82: BoxDrop Independence KY | D82: 10122 Toebben Drive | E82: 41051 | F82: (859) 802-1526
A83: KY | B83: La Grange | C83: BoxDrop La Grange | D83: Kentucky 53 | F83: (270) 900-6483
A84: KY | B84: Leitchfield | C84: BoxDrop Leitchfield | D84: 115 Sequoia Drive | F84: (270) 899-1190 | G84: https://boxdropdirect.com/pages/location/leitchfield
A85: KY | B85: Maysville | C85: BoxDrop Maysville | D85: 1561 U.S. Highway 68 | F85: (606) 407-3976 | G85: https://boxdropdirect.com/pages/location/maysville
A86: KY | B86: Morehead | C86: BoxDrop Morehead | D86: 350 Christy Creek Rd | E86: 40351 | F86: (606) 566-8765 | G86: https://boxdropdirect.com/pages/location/box-drop-morehead
A87: KY | B87: Radcliff | C87: BoxDrop Radcliff | D87: 149 East Lincoln Trail Boulevard | F87: (502) 802-6704 | G87: https://boxdropdirect.com/pages/location/radcliff-ky
A88: KY | B88: Somerset | C88: BoxDrop Somerset KY | D88: 370S Hwy 27 Suite 18 | E88: 42501 | F88: (859) 967-6053 | G88: https://boxdropsomersetky.com
A89: LA | B89: Alexandria | C89: BoxDrop of Cenla Mattress and Furniture Outlet | D89: 2020 North Mall Drive | E89: 71301 | F89: (318) 794-1210 | G89: https://boxdropdirect.com/pages/location/of-cenla-mattress-and-furniture-outlet
A90: LA | B90: Broussard | C90: BoxDrop Lafayette | D90: 3221 Hwy 90 East | E90: 70518 | F90: (337) 780-7076 | G90: https://boxdropdirect.com/pages/location/box-drop-lafayette
A91: LA | B91: Covington | C91: Boxdrop Covington | D91: 600 north hwy 190 | E91: 70433 | F91: (985) 768-0171 | G91: https://boxdropdirect.com/pages/location/covington
A92: LA | B92: Hammond | C92: BoxDrop Mattresses Hammond | D92: 14306 University Ave Ste A | E92: 70401 | F92: (985) 662-8684 | G92: https://boxdropdirect.com/pages/location/mattresses-hammond
A93: LA | B93: Marksville | C93: BoxDrop Marksville | D93: 351 Tunica Dr west | E93: 71351 | F93: (318) 500-4458 | G93: https://boxdropmarksville.com
A94: LA | B94: New Iberia | C94: Boxdrop Of Iberia | D94: 1301 East St. Peter St | E94: 70560 | F94: (337) 417-1621 | G94: https://boxdropdirect.com/pages/location/BoxDrop-of-iberia
A95: MA | B95: Hadley | C95: JC MATTRESS CO/BOXDROP WESTERN MASS | D95: 8 River Dr | E95: 01035 | F95: (413) 386-7197 | G95: https://boxdropdirect.com/pages/location/jc-mattress-co-western-mass
A96: MA | B96: Norton | C96: BoxDrop Norton MA | D96: 324 East Main Street Bay 2 | E96: 02712 | F96: (508) 261-4910 | G96: https://www.facebook.com/BoxDropNorton
A97: MA | B97: South Yarmouth | C97: Affordable Mattress of Cape Cod | D97: 23 Whites Path | E97: 02664 | F97: (508) 237-7190 | G97: https://boxdropdirect.com/pages/location/affordable-mattress-of-cape-cod
A98: MA | B98: Worcester | C98: BoxDrop Mattress & Furniture Worcester | D98: 55 Millbrook St. Suite 3 | E98: 01606 | F98: (508) 846-2630 | G98: https://boxdropdirect.com/pages/location/central-mass-worcester
A99: MD | B99: Baltimore | C99: BoxDrop Mattress & Furniture Baltimore | D99: 2021 Lord Baltimore Dr. | E99: 21244 | F99: (410) 982-2003 | G99: https://boxdropdirect.com/pages/location/baltimore
... A108: MI | B108: Scottville | C108: BoxDrop Ludington | D108: 707 US-10 | E108: 49454 | F108: (231) 342-7547 | G108: https://boxdropdirect.com/pages/location/ludington
A109: MI | B109: Standish | C109: BoxDrop Standish | D109: 3768 S Huron Rd | F109: (989) 359-1536 | G109: https://boxdropdirect.com/pages/location/standish
A110: MN | B110: Alexandria | C110: BoxDrop Alexandria MN | D110: 3950 39th Ave NE | E110: 56308 | F110: (320) 227-6166 | G110: https://boxdropdirect.com/pages/location/alexandria-mn
A111: MN | B111: Burnsville | C111: BoxDrop Burnsville | D111: 1426 Cliff Road East | E111: 55337 | F111: (612) 408-3223 | G111: https://boxdropdirect.com/pages/location/burnsville-mn
A112: MN | B112: Maple Grove | C112: BoxDrop Maple Grove | D112: 10550 Country Road 81 Suite 216 | E112: 55369 | F112: (763) 400-4362 | G112: https://boxdropmaplegrove.com
A113: MN | B113: Rochester | C113: BoxDrop Rochester | D113: 1207 2nd Ave NW | E113: 55901 | F113: (507) 722-2470 | G113: https://www.boxdropmn.com
A114: MO | B114: Belton | C114: BoxDrop South KC | D114: 1139 East North Avenue | F114: (816) 550-6234 | G114: https://boxdropdirect.com/pages/location/boxdrop-south-kc
A115: MO | B115: Blue Springs | C115: BoxDrop Mattress & Furniture Blue Springs | D115: 3105 US 40 Hwy | E115: 64015 | F115: (816) 582-2725 | G115: https://boxdropdirect.com/pages/location/mattress-furniture-blue-springs
A116: MO | B116: Bolivar | C116: Hometown Furniture and Mattress Bolivar | D116: 451 S Springfield Ave | E116: 65613 | F116: (417) 912-7681 | G116: https://boxdropdirect.com/pages/location/hometown-furniture-and-mattress-bolivar
A117: MO | B117: Cape Girardeau | C117: BoxDrop Cape Girardeau | D117: 345 South Kingshighway Suite B | E117: 63703 | F117: (573) 482-2711 | G117: https://boxdropdirect.com/pages/location/cape-girardeau
A118: MO | B118: Clinton | C118: BoxDrop Clinton | D118: 1200 East Ohio Street | E118: 64735 | F118: (660) 924-3442 | G118: https://www.facebook.com/share/12H4WtW5LrC
A119: MO | B119: Columbia | C119: Boxdrop Mattress and Furniture Columbia | D119: 504 Big Bear Blvd Suite C | E119: 65202 | F119: (217) 242-4125 | G119: https://boxdropdirect.com/pages/location/mattress-columbia
A120: MO | B120: Cuba | C120: BoxDrop Matress And Furniture | D120: 7009 historic 66 | E120: 65453 | F120: (870) 213-5970 | G120: https://boxdropdirect.com/pages/location/cuba-mo
...

Sheet By State
A1: State | B1: Locations
A2: AL | B2: =COUNTIF(Locations!A:A,A2) -> 8
A3: AR | B3: =COUNTIF(Locations!A:A,A3) -> 3
A4: AZ | B4: =COUNTIF(Locations!A:A,A4) -> 5
A5: CA | B5: =COUNTIF(Locations!A:A,A5) -> 10
A6: CO | B6: =COUNTIF(Locations!A:A,A6) -> 3
A7: CT | B7: =COUNTIF(Locations!A:A,A7) -> 2
A8: FL | B8: =COUNTIF(Locations!A:A,A8) -> 15
A9: GA | B9: =COUNTIF(Locations!A:A,A9) -> 5
A10: IA | B10: =COUNTIF(Locations!A:A,A10) -> 1
A11: ID | B11: =COUNTIF(Locations!A:A,A11) -> 4
A12: IL | B12: =COUNTIF(Locations!A:A,A12) -> 5
A13: IN | B13: =COUNTIF(Locations!A:A,A13) -> 10
... A45: WV | B45: =COUNTIF(Locations!A:A,A45) -> 7
A46: Total | B46: =SUM(B2:B45) -> 252
A48: Source: BoxDrop Direct store locator (boxdropdirect.com/pages/store-locator), pulled 2026-10-10.
